package,fedora_patch,debian_patch,type,fedora_time,debian_time
openscad,CVE-2022-0497.patch,Add-file-bounds-check-to-comment-parser.patch,common,2022-04-05 10:22:17,2022-02-13 09:52:49
openscad,openscad-2021.01-cgal-build-fix.patch,Backport-from-upstream-compile-fixes-for-CGAL-5.4.patch,common,2022-02-11 19:02:31,2022-02-13 15:17:03
openscad,openscad-2021.01-fix-overloaded-join.patch,Backport-upstream-patch-to-fix-a-FTBFS-in-sid.patch,common,2022-02-11 19:02:31,2022-02-13 15:45:14
openscad,CVE-2022-0496.patch,add-safety-to-line-lookups-in-DXF-import-fixes-4037.patch,common,2022-04-05 10:22:17,2022-02-13 09:52:49
openscad,openscad-cgal5.3.patch,cgal_ftbfs.patch,similar,2021-08-02 14:38:52,2021-09-24 17:10:49
opendkim,opendkim-CVE-2022-48521-fix.patch,rev-ares-deletion.patch,common,2023-11-15 13:36:20,2023-11-25 16:14:33
arj,arj-3.10.22-security-afl.patch,security-afl.patch,common,2015-04-03 13:58:14,2015-02-26 12:06:27
arj,arj-3.10.22-security-traversal-symlink.patch,security-traversal-symlink.patch,common,2015-04-03 13:58:14,2015-03-28 03:39:41
arj,arj-3.10.22-doc_refer_robert_k_jung.patch,doc_refer_robert_k_jung.patch,common,2013-10-19 23:21:07,2008-05-29 01:04:34
arj,arj-3.10.22-use_safe_strcpy.patch,006_use_safe_strcpy.patch,common,2013-10-19 23:21:07,2010-07-26 12:11:24
arj,arj-3.10.22-security-traversal-dir.patch,security-traversal-dir.patch,common,2015-04-03 13:58:14,2015-02-26 12:06:27
arj,arj-3.10.22-parallel_build.patch,004_parallel_build.patch,common,2013-10-19 23:21:07,2007-12-06 23:08:43
arj,arj-3.10.22-security_format.patch,security_format.patch,common,2013-10-19 23:21:07,2013-05-09 15:28:27
arj,arj-3.10.22-no_remove_static_const.patch,002_no_remove_static_const.patch,common,2013-10-19 23:21:07,2005-08-04 19:21:09
arj,arj-3.10.22-64_bit_clean.patch,003_64_bit_clean.patch,common,2013-10-19 23:21:07,2005-11-24 01:31:33
arj,arj-3.10.22-arches_align.patch,001_arches_align.patch,common,2013-10-19 23:21:07,2003-11-11 08:16:04
wordnet,wordnet-3.0-CVE-2008-2149.patch,50_CVE-2008-2149_buffer_overflows.patch,common,2009-06-05 11:58:55,2008-05-15 18:48:33
wordnet,wordnet-3.0-src_stubs_c.patch,20_src_stubs_c.patch,common,2009-06-05 11:58:55,2008-05-13 05:59:21
wordnet,wordnet-3.0-CVE-2008-3908.patch,51_overflows.patch,similar,2009-06-05 11:58:55,2008-09-05 13:19:15
bogl,bogl-0.1.18-noexecstack.patch,executable-stack,common,2006-11-10 16:13:21,2015-12-26 14:17:15
bogl,bogl-0.1.18-format-security.patch,unsafe-format,common,2014-02-04 11:32:09,2015-12-26 14:17:15
bogl,bogl-0.1.18-fix-multiple-definition.patch,no-common,similar,2020-02-18 08:58:13,2020-04-17 11:58:16
djvulibre,djvulibre-3.5.27-check-image-size.patch,0003-djvulibre-fedora-Patch8-djvulibre-3.5.27-check-image.patch,common,2021-05-04 14:31:35,2021-05-10 18:01:43
djvulibre,djvulibre-3.5.22-cdefs.patch,0001-djvulibre-fedora-Patch0-djvulibre-3.5.22-cdefs.patch.patch,common,2011-01-31 13:26:28,2021-05-10 18:01:43
djvulibre,djvulibre-3.5.27-integer-overflow.patch,0004-djvulibre-fedora-Patch9-djvulibre-3.5.27-interger-ov.patch,common,2021-05-04 14:33:42,2021-05-10 18:01:43
djvulibre,djvulibre-3.5.27-unsigned-short-overflow.patch,0007-djvulibre-fedora-Patch12-djvulibre-3.5.27-unsigned-s.patch,common,2021-05-04 14:42:06,2021-05-10 18:01:43
djvulibre,djvulibre-3.5.27-check-input-pool.patch,0005-djvulibre-fedora-Patch10-djvulibre-3.5.27-check-inpu.patch,common,2021-05-04 14:34:26,2021-05-10 18:01:43
djvulibre,djvulibre-3.5.27-djvuport-stack-overflow.patch,0006-djvulibre-fedora-Patch11-djvulibre-3.5.27-djvuport-s.patch,common,2021-05-04 14:40:30,2021-05-10 18:01:43
openvpn-auth-ldap,auth-ldap-tools-CFLAGS.patch,tools-cflags.patch,common,2019-10-25 22:52:01,2019-08-07 10:45:18
openvpn-auth-ldap,auth-ldap-remoteAddress.patch,auth-ldap-remoteAddress.patch,similar,2019-10-25 22:52:01,2019-08-07 10:45:18
zip,zipnote.patch,07-fclose-in-file-not-fclose-x.patch,common,2015-01-28 15:33:43,2011-06-09 13:30:08
zip,zip-3.0-exec-shield.patch,06-stack-markings-to-avoid-executable-stack.patch,common,2009-11-16 12:26:10,2010-02-21 16:08:02
zip,zip-3.0-format-security.patch,08-hardening-build-fix-1.patch,common,2014-04-01 06:42:36,2012-05-21 17:17:26
python-iniparse,0006-Fix-compatibility-issues-with-Python-3.11.patch,backport/0003-Fix-compatibility-issues-with-Python-3.11.patch,common,2023-07-07 03:27:05,2022-06-09 02:30:15
zeitgeist,zeitgeist-1.0.4-0001-datahub-Fix-wrong-parameter-for-Event.full-ctor.patch,020220909~1be2a5f.patch,common,2022-09-10 13:07:20,2022-09-17 14:05:47
golang-github-google-gofuzz,0001-Fix-int-overflow.patch,0001-Fix-int-overflow-on-32-bits-systems-59.patch,common,2021-01-02 20:39:02,2021-01-25 17:54:49
dvd+rw-tools,dvd+rw-tools-7.0-glibc2.6.90.patch,08-includes.patch,common,2007-08-15 11:02:30,2009-08-27 05:12:05
dvd+rw-tools,dvd+rw-tools-7.0-dvddl.patch,03-growisofs-dvd-dl.patch,common,2008-12-17 12:34:17,2009-08-27 05:12:05
dvd+rw-tools,dvd+rw-tools-7.1-bluray_srm+pow.patch,10-blue-ray-bug713016.patch,common,2013-06-24 14:54:01,2017-08-07 10:02:05
dvd+rw-tools,dvd+rw-tools-7.1-bluray_pow_freespace.patch,ignore_pseudo_overwrite.patch,common,2014-11-20 09:50:39,2011-03-07 15:32:19
dvd+rw-tools,dvd+rw-tools-7.0-wctomb.patch,09-wctomb.patch,common,2008-03-26 08:00:47,2009-08-27 05:12:05
tayga,tayga-c99.patch,0010-include-for-writev.patch,common,2023-01-02 07:59:33,2019-02-19 14:32:20
liquidwar,liquidwar-5.6.5-python3.patch,python3.patch,similar,2019-08-01 17:54:43,2019-08-11 21:16:07
plib,plib-1.8.5-spelling_errors.patch,06_spelling_errors.diff,common,2022-05-13 20:54:30,2017-07-24 18:10:49
plib,plib-1.8.5-CVE-2021-38714.patch,08_CVE-2021-38714.patch,common,2022-05-13 20:54:30,2021-10-02 11:25:52
plib,plib-1.8.5-CVE-2011-4620.patch,04_CVE-2011-4620.diff,common,2011-12-27 14:53:16,2017-07-24 17:06:26
plib,plib-1.8.5-CVE-2012-4552.patch,05_CVE-2012-4552.diff,common,2012-11-01 14:35:12,2017-07-24 17:06:31
plib,plib-1.8.5-dont_break_joystick_system_calibration.patch,07_dont_break_joystick_system_calibration.diff,common,2022-05-13 20:54:30,2017-07-24 19:14:54
chkrootkit,chkrootkit-0.49-chkproc-psver.patch,12_procpsv3.patch,common,2010-03-19 14:08:04,2017-07-09 07:56:53
atlas,atlas-gcc10.patch,gfortran-10.patch,common,2020-01-28 08:12:28,2020-05-20 14:41:55
guilt,guilt-0.36-fix-regressions-newer-git.patch,fix-ftbfs-new-git.patch,common,2018-05-07 17:04:00,2023-01-09 10:27:18
opusfile,CVE-2022-47021.patch,CVE-2022-47021.patch,common,2023-02-01 11:22:04,2023-02-05 18:18:40
steghide,steghide-0.5.1-gcc41.patch,consolidated-gcc-patches.patch,similar,2006-07-23 17:50:10,2016-12-28 04:04:39
python-anyjson,use-pytest.patch,use-pytest.patch,common,2024-07-11 13:24:12,2022-09-21 13:38:12
python-anyjson,do-not-use-2to3.patch,do-not-use-2to3.patch,common,2022-06-25 11:11:13,2021-11-11 14:28:20
libotr,libotr-4.1.1-socket-h.patch,0006-include-socket.h.patch,common,2022-11-15 19:35:53,2022-05-12 07:06:24
metapixel,metapixel-giflib5.patch,libgif.patch,common,2018-02-11 21:34:27,2019-06-08 23:23:01
kst,kst-qreal.patch,upstream_Fix-some-qreal-issues.patch,similar,2015-01-14 23:53:37,2017-07-01 16:06:44
grhino,grhino-0.16.1-fix-format-security.patch,02_hardening_flags.patch,common,2018-08-24 05:39:54,2012-03-27 17:51:44
judy,04_fix_undefined_behavior_during_aggressive_loop_optimizations.patch,04_fix_undefined_bahavior_during_aggressive_loop_optimizations.patch,common,2021-06-04 15:36:58,2025-04-07 07:02:17
kexi,0504-Fix-glib-include-position.patch,upstream_Include-glib.h-outside-of-the-extern-block.patch,common,2021-12-24 16:47:28,2021-08-21 16:53:39
kexi,0013-Fix-build-with-Qt-5.13.patch,upstream_Fix-build-with-Qt-5.13.patch,common,2022-06-20 16:33:58,2019-10-27 09:08:42
antiword,50_antiword-manpage-hyphen-to-minus.patch,50_antiword-manpage-hyphen-to-minus.patch,common,2018-07-19 06:13:19,2024-04-11 04:33:58
antiword,remove-cjb.net-references.patch,remove-cjb.net-references.patch,common,2018-07-19 06:13:19,2024-04-11 04:34:03
antiword,docx.patch,docx.patch,common,2018-07-19 06:13:19,2024-04-11 04:34:02
libclaw,libclaw-1.7.4-gcc7.patch,gcc7.patch,common,2017-01-30 17:17:20,2024-11-08 16:23:10
python-datrie,https://github.com/pytries/datrie/pull/85.patch,big_endian,common,2020-11-24 17:11:17,2020-11-04 09:14:03
libsignal-protocol-c,0001-CVE-2022-48468-unsigned-integer-overflow.patch,fix-unsigned-integer-overflow.patch,common,2023-04-20 03:14:40,2023-04-20 21:51:20
xmakemol,xmakemol-5.16-extern.patch,fix-gcc10-build.patch,common,2020-02-01 06:59:36,2021-02-19 15:35:26
xmakemol,xmakemol-5.16-h-bond.patch,h-bond.patch,common,2018-09-07 09:43:56,2016-01-24 15:09:04
xmakemol,xmakemol-5.16-print_torsions.patch,print_torsions.patch,common,2018-09-07 09:43:56,2016-01-24 15:05:47
sailcut,sailcut_includes.patch,fix_includes.patch,common,2018-07-17 17:10:12,2018-09-08 16:10:28
ri-li,Ri-li-2.0.1-gcc43.patch,fix-gcc4.3-ftbfs.patch,common,2008-01-11 21:03:31,2008-01-20 21:31:37
ocamlmod,ocamlmod-setupml.patch,0001-Run-oasis-setup.patch,similar,2017-11-10 14:36:56,2019-07-31 15:19:13
xdms,inline.patch,0002-Fix-build-with-gcc-10.patch,common,2019-10-21 21:44:34,2020-05-09 13:23:44
icedtea-web,icedtea-web-1.8.8-java18-no-pack200.patch,remove-pack200-support.patch,common,2023-06-15 19:41:32,2022-11-02 09:52:11
raptor2,0001-Calcualte-max-nspace-declarations-correctly-for-XML-.patch,Calculate-max-nspace-declarations-correctly-for-XML-.patch,common,2020-02-17 17:28:14,2020-11-06 21:46:38
raptor2,0001-CVE-2020-25713-raptor2-malformed-input-file-can-lead.patch,CVE-2020-25713-raptor2-malformed-input-file-can-lead.patch,common,2021-01-11 11:56:09,2021-12-13 21:03:02
libbs2b,libbs2b-security.patch,fix-format-security-warning.diff,common,2014-07-03 12:43:56,2022-03-12 21:15:27
aeskeyfind,aeskeyfind-40_fix-undefined-left-shift.patch,40_fix-undefined-left-shift.patch,common,2023-09-06 15:53:24,2021-06-14 19:47:02
aeskeyfind,aeskeyfind-10_add-GCC-hardening.patch,10_add-GCC-hardening.patch,common,2020-02-23 23:14:08,2017-01-02 02:27:03
aeskeyfind,aeskeyfind-20_sbox-size.patch,20_sbox-size.patch,common,2020-02-23 23:14:08,2016-12-25 18:20:17
aeskeyfind,aeskeyfind-30_big-files-support.patch,30_big-files-support.patch,common,2023-09-06 15:53:24,2019-11-25 23:22:54
shntool,no-cdquality-check.patch,no-cdquality-check.patch,common,2018-04-17 16:26:54,2014-11-14 21:06:27
shntool,large-size.patch,large-size.patch,common,2018-04-17 16:26:54,2014-11-14 21:06:26
shntool,large-times.patch,large-times.patch,common,2018-04-17 16:26:54,2014-11-14 21:06:26
gnome-chemistry-utils,0001-Use-yelp-instead-of-gnome-doc-utils.patch,use-yelp.patch,common,2022-05-15 09:09:23,2020-10-27 18:34:06
gnome-chemistry-utils,remove-gnome-common.patch,remove-gnome-common.patch,common,2022-05-15 11:28:13,2020-10-28 01:28:41
gnome-chemistry-utils,gnome-chemistry-utils-0.14.17-porting_openbabel3.patch,openbabel-v3.patch,common,2021-11-06 14:26:13,2020-01-23 06:39:12
gnome-chemistry-utils,gdk-use-x11-backend.patch,gdk-use-x11-backend.patch,common,2022-05-15 09:09:23,2020-10-29 01:56:29
gnome-chemistry-utils,gnome-chemistry-utils-0.14.17-10041.patch,gchempaint-merge-molecules-fix.patch,similar,2021-03-21 14:07:39,2021-03-08 14:12:49
ghemical,ghemical-3.0.0-gcc9-friend.patch,fix_clang_ftbfs.patch,common,2019-02-02 01:35:13,2017-01-25 11:35:08
ghemical,ghemical-porting_to_openbabel3.patch,openbabel3.patch,common,2021-11-06 15:21:53,2020-01-08 10:42:15
sharutils,sharutils-4.15.2-Fix-a-heap-buffer-overflow-in-find_archive.patch,01-fix-heap-buffer-overflow-cve-2018-1000097.patch,common,2018-02-22 15:48:26,2018-03-20 00:09:02
nrg2iso,nrg2iso-optflags.patch,makefile.patch,similar,2007-03-10 20:30:27,2008-11-20 14:58:16
flobopuyo,flobopuyo-0.20-fix_typo.patch,80_fix_typo.patch,common,2016-07-17 10:09:37,2025-01-26 17:10:59
flobopuyo,flobopuyo-0.20-set_window_title.patch,60_set_window_title.patch,common,2016-07-17 10:09:37,2025-01-26 17:10:59
glob2,glob2-iostream.patch,gcc5.diff,common,2015-02-07 18:42:02,2024-05-29 17:06:13
glob2,glob2-python3.patch,scons.patch,similar,2019-04-27 11:04:32,2024-05-29 17:06:15
xosd,xosd-aclocal18.patch,20_underquoted_definition.diff,common,2004-11-08 05:35:51,2024-09-22 19:47:04
xosd,xosd-2.2.14-Do-not-install-some-manual-pages-twice.patch,54_fix_man_makefile.diff,common,2013-03-27 16:30:02,2024-09-22 19:47:05
nuget,nuget-fix_xdt_hintpath,fix_xdt_hintpath,common,2015-07-15 19:47:04,2015-06-29 10:07:35
cppunit,run-tests-in-deterministic-order.patch,run-tests-in-deterministic-order.diff,common,2023-08-24 06:51:48,2021-10-21 19:44:32
saclib,saclib-attr.patch,saclib-attr.patch,common,2014-02-10 20:51:39,2020-07-31 11:32:14
yagf,yagf-0.9.5-nothreads.patch,13_disable-extra-threads.patch,common,2017-03-22 03:09:44,2020-03-09 20:24:51
libtheora,libtheora-1.1.1-libpng16.patch,0006-libpng16.patch,common,2013-08-03 11:19:27,2016-02-07 10:38:58
libtheora,libtheora-1.1.1-libm.patch,0004-player-example-needs-lm-for-rint.patch,common,2014-06-09 14:53:42,2014-11-10 16:04:55
anjuta,webkit-4.1.patch,webkit-4.1.patch,common,2022-09-01 16:53:50,2022-09-01 02:14:25
prelude-lml,prelude-lml-5.2.0-fix-test_rwlock1.patch,003-fix-test_rwlock1.patch,common,2019-11-10 12:44:15,2019-10-11 23:03:11
prelude-lml,prelude-lml-5.2.0-fix_thread_create.patch,004-fix_thread_create.patch,common,2019-11-10 12:44:15,2019-10-11 23:03:11
dbus-c++,dbus-c++-macro_collision.patch,05_fix_glibmm_ftbfs.patch,common,2015-03-05 22:49:00,2022-04-20 22:56:42
dbus-c++,dbus-c++-gcc4.7.patch,03_add_unistd_header.patch,common,2013-12-17 16:30:25,2022-04-20 22:56:13
dbus-c++,dbus-c++-template-operators.patch,08_fix_gcc-12.patch,common,2022-03-23 17:57:04,2022-07-26 12:38:26
scorched3d,scorched3d-freetype-buildfix.patch,0006-fix-freetype-includes.patch,common,2014-08-30 07:48:41,2013-12-30 20:05:37
scorched3d,scorched3d-lua54.patch,lua-5.4.patch,common,2020-08-13 20:19:10,2020-08-30 13:20:16
scorched3d,scorched3d-fix-hang-on-fast-machines.patch,fix-hang-on-fast-machines.patch,common,2020-08-13 20:19:10,2020-08-30 06:55:07
scorched3d,scorched3d-returntype.patch,gcc-6-ftbfs.patch,common,2016-02-14 05:04:57,2016-07-15 22:37:50
scorched3d,scorched3d-wx3.0.patch,wx3.0-compat.patch,common,2018-10-31 00:47:44,2016-07-15 16:02:06
mtx,mtx-1.3.12-destdir.patch,004-fix-destdir,common,2009-11-19 16:20:32,2019-02-28 10:53:18
mtx,mtx-1.3.12-argc.patch,005-remove-argc-output,common,2009-11-19 16:20:32,2019-02-28 10:53:18
warmux,warmux-zlib.patch,05_fix_build_libpng15.patch,common,2012-02-27 13:59:36,2012-03-10 15:42:52
warmux,warmux-gcc60.patch,10_fix_build_gcc60.patch,common,2016-03-10 15:56:04,2016-07-01 15:46:26
python-uinput,python-uinput-add_python311_support.patch,python3_11_compat.patch,common,2022-12-08 11:05:44,2022-11-13 10:40:29
tse3,tse3-size_t-64bit.patch,337820_ftbfs_s390.patch,common,2009-01-27 00:55:07,2024-04-28 20:38:04
tse3,tse3-gcc43.patch,466899_ftbfs_gcc43.patch,similar,2009-01-27 00:55:07,2024-04-28 20:38:04
unzip,unzip-6.0-cve-2014-8141.patch,11-cve-2014-8141-getzip64data.patch,common,2015-02-10 20:26:05,2014-12-22 18:16:10
unzip,unzip-zipbomb-part5.patch,26-cve-2019-13232-fix-bug-in-uzinflate.patch,common,2021-04-28 14:03:51,2021-01-10 14:34:00
unzip,unzip-zipbomb-part3.patch,24-cve-2019-13232-do-not-raise-alert-for-misplaced-central-directory.patch,common,2019-10-23 13:35:14,2019-07-27 16:01:36
unzip,unzip-zipbomb-part1.patch,22-cve-2019-13232-fix-bug-in-undefer-input.patch,common,2019-10-23 13:35:14,2019-07-11 16:03:34
unzip,unzip-6.0-symlink.patch,06-initialize-the-symlink-flag.patch,common,2013-11-19 12:18:32,2013-10-14 16:48:40
unzip,unzip-6.0-cve-2014-8140.patch,10-cve-2014-8140-test-compr-eb.patch,common,2015-02-10 20:26:05,2014-12-22 18:16:10
unzip,unzip-zipbomb-part4.patch,25-cve-2019-13232-fix-bug-in-uzbunzip2.patch,common,2021-03-25 12:47:57,2021-01-10 14:34:00
unzip,unzip-zipbomb-part2.patch,23-cve-2019-13232-zip-bomb-with-overlapped-entries.patch,common,2019-10-23 13:35:14,2019-07-11 16:03:34
unzip,0001-Fix-CVE-2016-9844-rhbz-1404283.patch,19-cve-2016-9844-zipinfo-buffer-overflow.patch,common,2016-12-14 15:59:00,2016-12-11 20:03:30
unzip,unzip-6.0-timestamp.patch,17-restore-unix-timestamps-accurately.patch,common,2017-07-14 15:36:50,2016-12-11 20:03:30
unzip,unzip-6.0-overflow-long-fsize.patch,18-cve-2014-9913-unzip-buffer-overflow.patch,similar,2015-02-10 20:26:05,2016-12-11 20:03:30
uget,uget-2.2.3-gcc10-fno-common.patch,support_gcc10_compilation.patch,common,2020-01-23 07:36:58,2020-08-02 21:32:54
gcal,gcal-glibc-no-libio.patch,glibc2.28.patch,similar,2018-08-03 15:54:10,2019-01-04 18:56:51
gnome-2048,0001-meson-drop-unused-argument-for-i18n.merge_file.patch,meson-drop-unused-argument-for-i18n.merge_file.patch,common,2022-07-21 08:01:45,2022-03-21 18:21:43
maelstrom,install.patch,game_installdir.patch,common,2006-05-09 05:38:19,2025-04-08 19:59:34
gnome-taquin,0001-Don-t-alter-or-try-to-write-GtkChild-fields.patch,Don-t-alter-or-try-to-write-GtkChild-fields.patch,common,2021-07-22 06:55:30,2021-10-23 20:09:51
gnome-taquin,0001-Reference-of-GtkChild-fields-is-handled-by-GtkBuilde.patch,Reference-of-GtkChild-fields-is-handled-by-GtkBuilder-typ.patch,similar,2021-07-22 06:55:30,2021-10-23 20:09:51
mdns-scan,mdns-scan-0.5-typo.patch,spelling.patch,common,2020-06-07 11:35:56,2018-11-18 16:19:39
fcgiwrap,fcgiwrap-1.1.0-declare_cgi_error_noreturn.patch,declare_cgi_error_noreturn.patch,common,2018-11-08 19:58:20,2017-08-05 16:16:09
fcgiwrap,fcgiwrap-1.1.0-use_pkg-config_libsystemd.patch,libsystemd.patch,common,2018-11-08 19:58:20,2015-07-13 23:59:39
dee,vapi-skip-properties.patch,vapi-skip-properties.patch,common,2020-05-18 14:24:44,2019-09-30 15:18:52
autogen,autogen-fortify.patch,40_suse_06-autogen-avoid-GCC-code-analysis-bug.patch,common,2023-02-28 15:42:43,2022-05-24 17:08:52
opendmarc,opendmarc-1.4.0-ticket159-179.patch,ticket159.patch,similar,2021-04-26 00:36:30,2018-03-11 15:48:25
zaz,zaz-1.0.0-jumpy_keyboard.patch,jumpy_keyboard.patch,common,2016-01-04 14:33:28,2020-06-01 10:42:54
libgadu,libgadu-1.12.2-gcc10.patch,0001-Fix-compilation-with-fno-common.patch,common,2020-02-24 15:57:02,2020-04-28 08:42:06
caribou,drop_gir_patch.patch,stop-patching-generated-gir.patch,common,2021-04-20 09:03:00,2021-12-12 17:21:47
caribou,Fix-subkey-popmenu-not-showing-after-being-dismissed.patch,Fix-subkey-popmenu-not-showing-after-being-dismissed.patch,common,2021-01-13 09:53:17,2021-01-15 14:57:09
caribou,fix-style-css.patch,fix-font-property-in-style.css.patch,common,2020-01-08 16:41:38,2017-12-01 20:10:19
caribou,Fix-compilation-error.patch,Fix-compilation-error.patch,common,2021-01-13 09:53:17,2021-01-15 14:57:09
caribou,xadapter.vala-Remove-XkbKeyTypesMask-and-f.patch,xadapter.vala-Remove-XkbKeyTypesMask-and-f.patch,common,2021-01-13 09:53:17,2021-01-15 14:57:09
abiword,abiword-3.0.0-librevenge.patch,librevenge.patch,similar,2014-05-27 14:28:17,2014-08-09 01:33:06
tlf,tlf-1.4.1-format-security-fix.patch,warnings-as-errors.patch,similar,2022-08-07 00:32:44,2021-10-24 21:31:22
dateutils,841c635bf283e4b023bd98fbff9ebda1f340b024.patch,0005-a-fix-for-dzone.008.patch,common,2022-12-18 23:39:30,2023-02-02 17:36:25
lv,lv-+num-option.patch,20050502_~+num-pat-option.diff,common,2005-10-31 06:35:12,2014-03-20 13:37:50
lv,lv-no-sigvec.patch,sigvec.patch,common,2014-10-15 07:11:04,2015-04-27 12:56:01
lv,lv-fastio.patch,20050506_%src%file.c_~enable-fastio-use-fread.2.diff,common,2005-10-31 06:35:12,2014-03-20 13:37:50
lv,lv-c99.patch,fix_implicit_decls.diff,similar,2022-12-17 22:04:31,2020-11-15 09:48:48
cscope,cscope-6-doc-cscope.1-Fix-hyphens.patch,04-fix-manpage-warning.patch,common,2021-03-16 14:55:50,2013-10-16 04:25:54
cscope,cscope-7-fscanner-swallow-function-as-parameters.patch,05-support-function-as-parameters.patch,common,2021-03-16 14:55:50,2015-01-06 19:10:54
cscope,cscope-5-contrib-ocs-Fix-bashims-Closes-480591.patch,03-fix-ocs-bashisms.patch,common,2021-03-16 14:55:50,2013-10-16 04:25:49
mscgen,mscgen-0.20-language.patch,language.y-parse-param.patch,common,2014-06-09 09:06:04,2013-12-29 12:57:08
torcs,format-argument.patch,format-argument.patch,common,2018-07-09 19:13:26,2017-05-05 22:16:05
bwm-ng,0001-fix-format-not-a-string-literal.patch,fix_format_string_literal.patch,common,2023-02-25 07:35:26,2021-11-14 18:04:03
numad,0002-recognize--m-option-correctly.patch,cf6c2c029edc9c288122bcd603a72eb7f6d042d2.patch,common,2023-12-05 14:01:21,2020-11-20 21:03:12
libcdaudio,libcdaudio-0.99-CAN-2005-0706.patch,01-cddb-bufferoverflow.patch,common,2008-12-27 19:01:16,2021-01-24 23:04:08
fig2ps,fig2ps-1.5-gv-ps-fix.patch,010_fix-open-ps-with-gv.patch,common,2012-07-04 10:30:05,2020-06-05 23:59:29
rust-crypto-hash,crypto-hash-fix-metadata.diff,update-dep-versions.patch,common,2019-01-08 00:47:44,2019-12-31 02:45:42
lua-lgi,lgi-0.9.2-fix-s390x.patch,ftbfs_bigendian64.patch,common,2019-02-08 14:57:41,2017-10-31 13:32:33
python-testing.common.database,https://github.com/tk0miya/testing.common.database/pull/25.patch,PR25.patch,common,2021-12-27 19:04:13,2022-06-19 06:07:26
njam,njam-1.25-gcc45.patch,gcc_46.patch,common,2010-09-10 07:55:37,2013-01-02 14:20:07
njam,njam-1.25-rhbz767015.patch,drop_gda.patch,common,2011-12-13 19:38:49,2013-01-02 14:20:07
rust-datetime,datetime-fix-metadata-auto.diff,remove-win-deps.diff,common,2017-11-27 14:03:21,2021-08-21 13:46:51
rust-datetime,datetime-fix-metadata.diff,dump-iso.diff,common,2017-11-27 14:03:21,2024-09-01 18:11:21
libmspub,gcc10.patch,include-cstdint.diff,common,2019-12-14 18:12:15,2020-04-17 21:04:03
gforth,configure-assumptions.patch,configure-assumptions.patch,common,2021-02-02 04:01:02,2018-12-25 21:55:46
gforth,gforth-0.7.0-compile-fix.patch,qrnnd-build.patch,common,2011-03-21 14:00:14,2018-12-25 21:55:46
gforth,gforth-0.7.0-shebang.patch,script-hashbang.patch,similar,2008-11-05 23:15:49,2018-12-25 21:55:46
libatasmart,libatasmart-0.19-wd-fix.patch,0001-Dont-test-undefined-bits.patch,common,2017-09-13 17:55:56,2013-03-25 06:34:41
golang-github-fogleman-gg,0001-fix-test-for-1.13.patch,0001-fix-parsing-flags.patch,similar,2019-11-30 10:38:13,2020-07-25 15:58:58
cdargs,cdargs-1.35_format_security.patch,08_gcc_format_security.patch,common,2014-07-31 05:43:52,2012-06-07 03:49:52
brutalchess,brutalchess-noquake.patch,disable-quake-pieces.patch,common,2014-12-29 20:02:01,2018-10-20 16:48:16
guitarix,guitarix-python-3.11-ftbfs.patch,1001-Fix_FTBFS.patch,common,2023-01-31 21:36:46,2023-01-17 18:48:10
source-highlight,904949c9026cb772dc93fbe0947a252ef47127f4.patch,gcc11.patch,common,2022-10-06 12:55:25,2021-10-22 20:23:56
python-tempita,0001-Apply-fixes-required-for-Python-3.patch,python3-support.patch,similar,2022-06-21 13:17:40,2022-06-20 04:48:22
log4cpp,03_aclocal_automake.diff,03_aclocal_automake.diff,common,2022-02-15 20:07:53,2016-08-09 15:06:55
log4cpp,log4cpp-1.0-fix-doc-dest.patch,02_doc_install_path.diff,similar,2008-12-15 20:36:27,2016-08-09 15:06:55
gcin,0002-Fix-FTBFS-on-big-endian.patch,0006-Fix-FTBFS-on-mips-powerpc-s390x.patch,common,2018-01-16 14:24:43,2018-05-25 02:18:38
entangle,0001-meson-fix-build-for-meson-0.60.0.patch,0001-Fix_meson_build.patch,common,2022-08-02 13:39:59,2022-03-15 21:43:53
p7zip,14-Fix-g++-warning.patch,14-Fix-g++-warning.patch,common,2018-01-27 01:16:04,2018-01-28 21:20:48
p7zip,CVE-2017-17969.patch,13-CVE-2017-17969.patch,common,2018-01-27 01:16:04,2018-01-28 20:22:26
p7zip,CVE-2016-9296.patch,12-CVE-2016-9296.patch,common,2016-11-21 01:51:51,2016-11-19 07:54:52
p7zip,05-hardening-flags.patch,05-hardening-flags.patch,common,2018-01-27 01:16:04,2016-01-22 10:20:58
p7zip,p7zip-manpages.patch,09-man-update.patch,similar,2018-01-27 01:16:04,2016-03-06 11:55:19
freedink,const.patch,const-char.patch,common,2022-08-05 19:01:03,2024-05-01 09:04:01
gnurobbo,gnurobbo-fno-common.patch,single-variable-declarations.patch,similar,2020-02-07 16:39:36,2020-05-08 21:10:31
scottfree,scottfree-c99.patch,03_clang.diff,common,2024-01-09 12:43:35,2017-01-20 11:51:34
scottfree,scottfree-1.14-fscanf.patch,04_968375.patch,common,2022-08-17 10:50:02,2021-10-26 07:53:19
scottfree,scottfree-1.14-includes.patch,02_scottcurses_includes.diff,common,2019-12-30 11:55:13,2017-01-20 07:47:46
scottfree,scottfree-1.14-format_strings.patch,format-strings.patch,common,2022-08-17 10:50:02,2021-10-26 10:33:37
meanwhile,meanwhile-file-transfer.patch,ft_fix.diff,common,2013-03-26 09:38:41,2020-06-16 15:39:36
altermime,altermime-0.3.10-fprintf-compiler-error.patch,10_fix_printk_warnings.diff,common,2008-11-23 12:13:36,2011-05-03 18:05:16
orocos-kdl,orocos-kdl.pybind11.patch,0005-Use-system-pybind11-package.patch,common,2020-09-05 13:38:25,2021-10-07 13:01:12
netpanzer,netpanzer-python3.patch,scons.patch,similar,2019-08-01 16:21:10,2020-01-25 17:26:04
ccze,ccze-opts.diff,src___ccze.c.patch,common,2010-08-09 21:05:11,2016-10-16 18:09:22
ccze,ccze-0.2.1-Wmulticharacter.patch,288834_FTBFS_unrecognized_command_line_option_-Wmulticharacter.patch,similar,2009-08-06 22:15:23,2016-10-16 18:09:22
mpsolve,mpsolve-autoconf-2.70.patch,autoconf-2.70.patch,common,2021-03-25 16:13:02,2021-11-01 15:32:35
python-marathon,marathon-dont-use-2to3.patch,remove-the-use-of-2to3.patch,common,2022-06-27 19:40:42,2021-11-03 09:34:41
python-marathon,iterable-import-from-collections.abc.patch,iterable-import-from-collections.abc.patch,common,2022-06-27 19:40:42,2022-05-01 10:20:05
tolua++,tolua++-1.0.93-scons304.patch,tolua++-1.0.93-scons304.patch,common,2019-10-11 12:34:04,2022-12-21 19:48:52
xpenguins,xpenguins-2.2-format-security.patch,format_string_fix.diff,common,2013-12-03 13:21:40,2011-10-24 15:46:40
clamsmtp,clamsmtp-man.patch,manpage.patch,common,2010-08-16 14:21:03,2008-11-30 12:58:41
clamsmtp,clamsmtp-include_order.patch,include_order.patch,common,2018-05-29 21:15:59,2015-03-02 08:50:21
expect,expect-5.43.0-log_file.patch,16-logfile.patch,common,2006-03-22 18:24:01,2014-07-13 17:03:29
expect,expect-5.45-format-security.patch,24-format.patch,similar,2017-03-24 14:40:45,2014-07-13 17:03:29
par2cmdline,0001-Fix-for-Github-issue-143.-Test-did-not-account-for-e.patch,03_backport_upstream_pr_144.diff,common,2020-07-15 07:23:52,2020-02-12 10:57:29
uucp,uucp-1.07-format.patch,compiler-warnings.patch,common,2013-12-03 08:00:00,2019-01-12 19:07:10
torsocks,torsocks-2.2.0-Do-not-run-tests-that-require-network-access.patch,exclude_test_requiring_network.patch,common,2017-10-05 08:09:02,2013-10-23 10:35:51
libcdio,realpath-test-fix.patch,Correct-realpath-test-failure.patch,common,2022-08-30 11:42:27,2022-09-27 09:23:37
uudeview,matherr.patch,049_glibc_2.27.diff,common,2018-03-16 09:28:18,2018-03-10 06:20:28
uudeview,uudeview-format-security.patch,043_string_format_issue.diff,common,2013-12-05 15:14:17,2016-07-12 13:15:37
incron,incron-0.5.12-prevent-zombies.patch,02_prevent_zombies.patch,common,2019-01-05 19:52:04,2019-11-13 07:24:02
vinagre,fix-appstream-data.patch,131d151cb02245f84918f9ba5b3ef055758bcf61.patch,common,2019-11-13 10:34:23,2020-02-13 11:44:32
milkytracker,milkytracker-1.03.00-c++11.patch,c++11.patch,common,2023-02-27 19:08:58,2021-11-30 11:20:34
binwalk,https://github.com/ReFirmLabs/binwalk/pull/559/commits/6e7736869d998edb6384728c03a348cd9ab1f9ca.patch,559.patch,common,2022-12-27 22:06:55,2023-02-04 10:20:51
qbrew,qbrew-fix-return-type.patch,0008-Fix-FTBFS-with-GCC-6.patch,similar,2016-11-10 23:50:40,2016-02-02 11:27:53
liblognorm,liblognorm-2.0.6-rhbz2105934-sphinx5.patch,FTBFS_Sphinx_5.patch,common,2022-07-19 12:05:18,2022-06-23 18:39:36
monsterz,monsterz-0.7.1-blit-crash.patch,020_fix_blit_crash.diff,common,2009-02-05 20:26:31,2019-07-27 10:22:13
monsterz,monsterz-0.7.1-py3.patch,python3.patch,similar,2020-06-29 20:00:59,2019-07-27 12:23:14
ssmtp,ssmtp-garbage_writes.patch,04-508759-garbage.patch,common,2012-06-29 23:41:49,2012-06-25 00:02:16
ssmtp,ssmtp-remote-addr.patch,03-557741-remote-addr.patch,common,2012-07-01 00:17:44,2014-07-15 00:49:18
wcstools,wcstools-3.9.7_rename-libwcs-to-libwcstools.patch,Rename-libwcs-to-libwcstools-to-avoid-conflicts-with-Mark.patch,similar,2017-01-17 16:39:36,2012-01-13 16:10:38
dietlibc,dietlibc-insecure-defpath.patch,security/insecure-default-PATH.diff,common,2016-07-25 17:09:34,2016-07-20 06:43:28
printrun,https://github.com/kliment/Printrun/pull/1224.patch,0003-Fix-a-TypeError-on-Python-3.10.patch,common,2021-11-16 14:53:17,2022-04-30 17:04:39
vagrant,vagrant-2.3.4-Fix-the-default-vagrant-URL-for-pulling-boxes.patch,0008-Fix-the-default-vagrant-URL-for-pulling-boxes.patch,common,2025-01-16 13:16:03,2025-01-21 18:23:11
pulseview,pulseview-qt.patch,qt-build-fix,common,2021-01-28 09:45:11,2020-12-06 10:15:19
pulseview,0001-Fix-broken-build-due-to-C-template-behind-C-linkage.patch,c-linkage-template-fix,common,2021-08-01 18:59:02,2021-10-24 12:40:57
trousers,trousers-0.3.14-noinline.patch,07-read_data-not-inline.patch,common,2019-11-19 10:38:33,2025-03-01 05:53:37
prelude-manager,prelude-manager-5.2.0-fix_thread_create.patch,006-fix_thread_create.patch,common,2019-11-10 11:59:09,2019-10-11 22:53:34
prelude-manager,prelude-manager-5.2.0-Add_missing_gnutls_deps.patch,009-fix-gnutls-deps.patch,common,2020-09-21 11:45:52,2020-11-14 22:42:36
prelude-manager,prelude-manager-5.2.0-fix-test_rwlock1.patch,005-fix-test_rwlock1.patch,common,2019-11-10 11:59:09,2019-10-11 22:53:34
prelude-manager,prelude-manager-5.2.0-fix_cond_test.patch,004-fix_cond_test.patch,common,2019-11-10 11:59:09,2019-10-11 22:53:34
arc-gui-clients,arc-gui-clients-warnings.patch,arc-gui-clients-warnings.patch,common,2017-10-11 13:42:24,2017-10-11 13:55:09
arc-gui-clients,arc-gui-clients-arc4.patch,arc-gui-clients-arc4.patch,common,2013-11-28 21:15:47,2013-11-30 06:08:27
arc-gui-clients,arc-gui-clients-arc5.patch,arc-gui-clients-arc5.patch,common,2016-06-24 12:54:55,2016-06-24 13:04:45
arc-gui-clients,arc-gui-clients-arc6.patch,arc-gui-clients-arc6.patch,common,2019-06-12 09:48:34,2019-10-14 07:26:58
arc-gui-clients,arc-gui-clients-qt5.patch,arc-gui-clients-qt5.patch,common,2019-06-12 09:48:34,2017-10-11 13:55:09
arc-gui-clients,arc-gui-clients-no-job-list-crash-fix.patch,arc-gui-clients-no-job-list-crash-fix.patch,common,2018-02-25 04:42:55,2018-03-28 15:57:06
ettercap,1170.patch,1170.patch,similar,2022-07-26 13:50:33,2022-12-06 20:41:01
jbigkit,jbigkit-2.0-warnings.patch,unusedResultPedantry.diff,common,2012-07-17 14:29:18,2014-07-21 15:17:04
gecode,gecode-6.2.0-unbundle_boost.patch,system-boost,similar,2021-02-09 21:53:00,2025-02-13 15:19:01
php-geos,0005-fix-for-8.0.0RC1.patch,0005-fix-for-8.0.0RC1.patch,common,2021-03-04 11:00:29,2020-12-12 09:39:58
php-geos,0003-add-all-arginfo-and-fix-build-with-PHP-8.patch,0003-add-all-arginfo-and-fix-build-with-PHP-8.patch,common,2021-03-04 11:00:29,2020-12-12 09:39:58
php-geos,0002-fix-error-message-with-php-7-Wformat-warnings-raised.patch,0002-fix-error-message-with-php-7-Wformat-warnings-raised.patch,common,2018-10-11 07:56:28,2020-12-12 09:39:58
php-geos,0001-fix-test-for-7.3-int-vs-integer.patch,0001-fix-test-for-7.3-int-vs-integer.patch,common,2018-10-11 07:56:28,2020-12-12 09:39:58
php-geos,0004-fix-all-zend_parse_parameters-call-to-use-zend_long.patch,0004-fix-all-zend_parse_parameters-call-to-use-zend_long.patch,common,2021-03-04 11:00:29,2020-12-12 09:39:58
lftp,lftp-4.9.2-gnutls-peers2.patch,lftp_gnutls_certificate_verify_peers2-verify_server_certificates.patch,common,2022-09-07 07:24:32,2023-09-10 08:14:36
kasumi,kasumi-853099-manpage.patch,0004-Fix-the-missing-descriptions-in-manpage.patch,common,2012-08-31 02:18:32,2018-07-16 03:54:11
rust-lazycell,lazycell-fix-metadata.diff,drop-clippy.diff,similar,2017-11-29 09:45:05,2021-01-12 17:15:11
portmidi,portmidi-217-format-security.patch,21-hardentests.diff,similar,2014-06-09 18:13:47,2016-11-14 10:49:51
kdb,0020-Fix-build-with-newer-Qt.patch,upstream_Fix-build-with-newer-Qt.patch,common,2021-09-14 13:49:27,2022-07-03 05:27:27
kdb,0002-PgSQL-driver-fix-build-with-PostgreSQL-12.patch,upstream_PgSQL-driver-fix-build-with-PostgreSQL-12.patch,common,2021-09-14 13:10:25,2019-10-29 07:09:56
lbzip2,lbzip2-gnulib.patch,0001-configure.ac-Bump-AC_PREREQ-to-2.64.patch,common,2020-09-19 20:56:55,2025-01-18 18:51:59
ipmitool,0100-fix_buf_overflow.patch,0100-fix_buf_overflow.patch,common,2024-02-12 18:39:16,2014-07-23 13:07:04
ipmitool,0105-sensor_reading.patch,0105-sensor_reading.patch,common,2024-02-12 18:41:31,2022-10-29 17:36:29
sblim-wbemcli,sblim-wbemcli-1.6.1-ssl-proto-option.patch,Allow-wbemcli-to-use-TLS.patch,similar,2015-08-10 13:47:22,2016-12-25 16:53:44
xloadimage,10_config.c-HOME-fix.dpatch,10_config.c-HOME-fix.patch,common,2008-12-10 16:15:00,2016-10-03 13:17:27
xloadimage,04_previous-image.dpatch,04_previous-image.patch,common,2008-12-10 16:15:00,2016-10-03 13:17:27
xloadimage,15_CAN-2005-0638.dpatch,15_CAN-2005-0638.patch,common,2008-12-10 16:15:00,2016-10-03 13:17:27
xloadimage,02_png-support.dpatch,02_png-support.patch,common,2008-12-10 16:15:00,2016-10-03 13:17:27
xloadimage,17_security-sprintf.dpatch,17_security-sprintf.patch,common,2008-12-10 16:15:00,2016-10-03 13:17:27
xloadimage,07_SYSPATHFILE.dpatch,07_SYSPATHFILE.patch,common,2008-12-10 16:15:00,2016-10-03 13:17:27
xloadimage,08_manpage-config-path.dpatch,08_manpage-config-path.patch,common,2008-12-10 16:15:00,2016-10-03 13:17:27
xloadimage,01_libjpeg-support.dpatch,01_libjpeg-support.patch,common,2008-12-10 16:15:00,2016-10-03 13:17:27
xloadimage,09_xloadimagerc-path.dpatch,09_xloadimagerc-path.patch,common,2008-12-10 16:15:00,2016-10-03 13:17:27
xloadimage,05_idelay-manpage.dpatch,05_idelay-manpage.patch,common,2008-12-10 16:15:00,2016-10-03 13:17:27
xloadimage,19_fix_root_c_resource_leak.dpatch,19_fix_root_c_resource_leak.patch,common,2008-12-10 16:15:00,2016-10-03 13:17:27
xloadimage,18_manpage_fixes.dpatch,18_manpage_fixes.patch,common,2008-12-10 16:15:00,2016-10-03 13:17:27
xloadimage,03_security-strfoo.dpatch,03_security-strfoo.patch,common,2008-12-10 16:15:00,2016-10-03 13:17:27
xloadimage,06_-Wall-cleanup.dpatch,06_-Wall-cleanup.patch,common,2008-12-10 16:15:00,2016-10-03 13:17:27
xloadimage,11_fork-implies-quiet.dpatch,11_fork-implies-quiet.patch,common,2008-12-10 16:15:00,2016-10-03 13:17:27
xloadimage,14_errno-not-extern.dpatch,14_errno-not-extern.patch,common,2008-12-10 16:15:00,2016-10-03 13:17:27
xloadimage,13_varargs-is-obsolete.dpatch,13_varargs-is-obsolete.patch,common,2008-12-10 16:15:00,2016-10-03 13:17:27
xloadimage,16_CAN-2005-0639.dpatch,16_CAN-2005-0639.patch,common,2008-12-10 16:15:00,2016-10-03 13:17:27
xloadimage,12_fix-tile.dpatch,12_fix-tile.patch,common,2008-12-10 16:15:00,2016-10-03 13:17:27
plotutils,plotutils-configure-c99.patch,40_plotutils-configure-c99.patch,common,2023-01-18 11:54:40,2023-01-18 15:20:35
plotutils,plotutils-werror-format-security.patch,31_fedora_plotutils-werror-format-security.patch,common,2013-12-04 14:25:57,2016-01-03 17:01:36
dcmtk,0018-CVE-2022-43272-Fixed-memory-leak-in-single-process-mode.patch,c34f4e46e672ad21accf04da0dc085e43be6f5e1.patch,common,2023-03-02 05:33:40,2023-01-04 10:14:53
libkkc,libkkc-vala-abstract-create.patch,0007-build-Declare-creation-methods-of-abstract-classes-a.patch,common,2019-08-09 16:00:40,2019-11-14 01:10:56
libkkc,libkkc-POT.skip.patch,Don-t-translate-generated-file.patch,common,2017-12-13 10:27:54,2017-08-13 04:32:17
pybluez,427.patch,Use-Py_ssize_t-when-parsing-buffer-length-fix-426-42.patch,similar,2022-01-07 16:36:39,2022-05-28 04:46:17
overgod,overgod-1.0-shield_bmp_array_overrun.patch,040_fix_array_overrun.patch,common,2014-06-16 14:08:22,2013-08-03 21:36:57
overgod,overgod-1.0-format-string.patch,030_security_build_warns.patch,similar,2014-06-16 14:08:22,2013-08-03 21:36:57
gkrellm,10_fix_glib_underlinkage.patch,10_fix_glib_underlinkage.patch,common,2019-08-25 21:38:14,2013-06-29 19:40:44
gkrellm,05_bts437033_fix_strip.patch,05_bts437033_fix_strip.patch,common,2019-08-25 21:38:14,2008-09-07 21:03:59
gkrellm,04_fix_manpage_hyphen.patch,04_fix_manpage_hyphen.patch,common,2019-08-25 21:38:14,2008-09-06 18:22:10
squeak-vm,squeak-vm-4.10.2-format-security.patch,fix_printf_syntax.patch,common,2013-12-06 10:43:35,2012-12-25 12:30:18
koules,0006-From-Debian-050_defines.diff.patch,050_defines.diff,common,2009-04-13 19:33:59,2006-11-03 11:08:33
koules,0012-From-Debian-108_use_right_visual.diff.patch,108_use_right_visual.diff,common,2009-04-13 19:33:59,2007-10-27 02:41:17
koules,0005-From-Debian-100_spelling.diff.patch,100_spelling.diff,common,2024-04-21 22:19:27,2006-11-03 11:08:33
koules,0013-From-Debian-109_fpe_fix.diff.patch,109_fpe_fix.diff,common,2015-11-09 08:05:11,2007-10-27 02:41:17
koules,0051-From-Debian-113_spelling_fixes.diff.patch,113_spelling_fixes.diff,common,2024-04-21 22:19:27,2014-12-07 22:53:02
koules,0049-From-Debian-111_font_unsigned_char.diff.patch,111_font_unsigned_char.diff,common,2024-04-21 22:19:27,2012-12-30 22:27:45
koules,0050-From-Debian-112_unsigned_control.diff.patch,112_unsigned_control.diff,common,2024-04-21 22:19:27,2014-05-25 20:48:49
koules,0011-From-Debian-107_fix_xsynchronize.diff.patch,107_fix_xsynchronize.diff,common,2015-11-09 08:05:11,2007-10-27 02:41:17
koules,0052-From-Debian-double-declaration.patch,double-declaration.patch,common,2024-04-21 22:19:27,2020-05-16 15:37:50
koules,0010-From-Debian-106_shm_check.diff.patch,106_shm_check.diff,common,2009-04-13 19:33:59,2006-11-03 11:08:33
koules,0048-From-Debian-110_manpage_hyphens.diff.patch,110_manpage_hyphens.diff,common,2024-04-21 22:19:27,2012-01-11 22:55:44
koules,0022-Fix-string-quoting.patch,103_asm.diff,similar,2015-11-09 08:05:11,2006-11-03 11:08:33
rust-tokio-serde,tokio-serde-fix-metadata.diff,relax-deps.diff,common,2023-12-07 08:43:57,2022-10-15 21:49:21
gnupg1,0001-Rename-package-to-gnupg1-1656282.patch,0003-change-package-name-to-gnupg1.patch,common,2018-12-07 21:21:44,2016-04-18 23:27:51
nexus,nexus-fix-nxtranslate-xml.patch,libxml2-deprecated-functions.patch,similar,2020-08-15 01:32:24,2020-02-23 00:02:42
festival,festival-2.5.0-filesystem-standard.patch,20-debian-filesystem-standard.diff,similar,2019-10-16 22:39:52,2014-01-04 21:04:41
festival,festival-2.5.0-siteinit.patch,11-siteinit.diff,similar,2019-10-16 22:39:52,2014-01-04 21:04:41
maven-artifact-transfer,0003-Port-to-maven-3.8.1.patch,02-maven-compatibility.patch,similar,2022-01-05 18:13:11,2017-07-19 13:35:28
ibus-kkc,ibus-kkc-content-type.patch,ibus-kkc-content-type.patch,common,2013-11-07 03:44:40,2014-06-20 16:31:27
chemtool,chemtool-gcc10.patch,957084_gcc10.patch,common,2020-02-20 11:12:55,2020-10-03 09:36:19
xzgv,0001-Fix-xzgv-man-page-so-it-is-valid-nroff.patch,0001-Fix-xzgv-man-page-so-it-is-valid-nroff.patch,common,2020-07-25 14:04:01,2019-03-06 03:47:13
endlessh,0001-Fix-binary-path-in-endlessh.service.patch,0001-Fix-binary-path-in-endlessh.service.patch,common,2020-12-06 19:23:54,2019-08-04 23:23:39
pidgin-sipe,pidgin-sipe-1.25.0-fix-false-negative-configure-checks.patch,0001-Fix-359-Incorrect-build-due-to-false-negative-config.patch,common,2019-10-15 16:05:03,2020-01-23 16:54:03
iagno,0001-Don-t-alter-or-try-to-write-GtkChild-fields.patch,Don-t-alter-or-try-to-write-GtkChild-fields.patch,common,2021-10-06 05:47:32,2021-08-24 22:44:35
iagno,0001-Reference-of-GtkChild-fields-is-handled-by-GtkBuilde.patch,Reference-of-GtkChild-fields-is-handled-by-GtkBuilder-typ.patch,common,2021-10-06 05:47:32,2021-08-24 22:44:35
spacefm,spacefm-1.0.6-gcc10-fno-common.patch,fix-gcc10-fno-common.patch,common,2020-01-26 06:17:26,2020-05-05 09:26:10
pinfo,pinfo-0.6.13-gccwarn.patch,Werror-format.patch,similar,2023-01-26 09:41:36,2025-02-14 12:29:16
cgit,0001-use-highlight-3-by-default.patch,assume-highlight-version-3-in-filter-script.patch,common,2021-06-05 22:18:26,2015-08-10 20:14:30
sc,call_function_not_take_its_address.patch,call_function_not_take_its_address,common,2014-11-05 18:33:59,2014-05-18 20:04:14
sc,Upstream-changes-from-old-versions.patch,Upstream-changes-from-old-versions,common,2014-11-05 18:33:59,2024-11-21 10:43:47
sc,function_definitions.patch,function_definitions,common,2014-11-05 18:33:59,2014-05-18 19:22:58
sc,nonotimeout-ncurses6.patch,nonotimeout.patch,common,2016-07-19 15:42:18,2024-11-21 10:43:47
sc,format_security_fixes.patch,hardening,similar,2014-11-05 18:33:59,2024-11-21 10:43:47
pamix,0001-src-pamix_ui.cpp-always-use-s-style-format-for-print.patch,01-fix-string-literal.patch,common,2023-01-24 00:21:16,2021-11-01 22:06:33
renameutils,renameutils-0.12.0-install-typo.patch,install-exec-local-fix.patch,common,2013-06-11 04:03:57,2012-05-06 09:49:17
pnm2ppa,pnm2ppa-gcc10.patch,0005-Declare-syslog_message-correctly-for-GCC-10-FTBFS.patch,common,2020-02-03 13:15:48,2020-07-24 08:49:31
tcpick,tcpick-0.2.1-ppc.patch,fix-infinite-loop-on-powerpc.patch,common,2006-09-09 22:39:43,2016-12-09 22:14:00
dasher,0001-Remove-extern-C-warpper-around-atspi-glib-headers-in.patch,atspi_cpp,common,2021-03-25 15:24:41,2021-09-04 18:02:33
dasher,gnome-doc-utils-depr.patch,yelp,similar,2019-09-10 14:12:36,2019-12-27 23:25:24
python-mock,https://github.com/testing-cabal/mock/commit/f3e3d82aab.patch,0004-fix-tests-that-should-test-mock-but-were-testing-uni.patch,common,2022-01-06 15:52:32,2022-01-13 15:21:10
marsshooter,avoid-crash-because-of-missing-return-statement.patch,avoid-crash-because-of-missing-return-statement.patch,common,2021-01-16 16:06:00,2019-05-29 12:49:58
marsshooter,marsshooter-gcc11-fix.patch,gcc11.patch,common,2020-12-19 15:11:59,2021-10-13 21:02:58
dsdp,DSDP-type-mismatch.patch,type-mismatch.patch,common,2020-01-27 20:54:11,2022-02-14 18:38:38
gnome-screenshot,57.patch,meson-remove-extraneous-positional-argument.patch,common,2022-10-07 14:45:21,2022-02-16 19:48:15
planets,planets-0.1.13-ocaml4.patch,ocaml4_typing,common,2014-06-24 15:31:36,2013-12-07 08:16:17
libgda5,libgda-5.2.10-mysql-bool-fix.patch,MySQL-bool-is-here-again.patch,common,2022-08-04 19:59:36,2021-09-11 19:06:52
rancid,rancid-Makefile.patch,13_CFLAGS.patch,common,2009-07-27 06:15:28,2012-05-18 16:49:52
gbdfed,gbdfed-1.6-format-security-fix.patch,format-security.patch,common,2013-12-03 16:42:53,2016-10-13 11:16:51
zinnia,zinnia-fixes-gcc6-compile.patch,gcc6.diff,common,2016-02-17 04:25:30,2018-11-28 17:51:20
audiofile,fde6d79fb8363c4a329a184ef0b107156602b225.patch,11_CVE-2018-13440.patch,common,2018-10-09 14:16:31,2019-03-30 22:54:48
audiofile,822b732fd31ffcb78f6920001e9b1fbd815fa712.patch,12_CVE-2018-17095.patch,common,2018-10-09 13:46:57,2019-03-30 22:54:48
audiofile,audiofile-0.3.6-pull43.patch,04_clamp-index-values-to-fix-index-overflow-in-IMA.cpp.patch,common,2017-03-12 10:49:48,2017-03-16 20:39:28
audiofile,audiofile-0.3.6-narrowing.patch,01_gcc6.patch,similar,2016-02-03 21:19:55,2016-06-14 13:07:16
audiofile,audiofile-0.3.6-pull42.patch,06_Check-for-multiplication-overflow-in-MSADPCM-decodeSam.patch,similar,2017-03-12 10:49:48,2017-03-16 20:39:28
audiofile,audiofile-0.3.6-pull44.patch,10_Check-for-division-by-zero-in-BlockCodec-runPull.patch,similar,2017-03-12 10:49:48,2017-03-16 20:39:28
tcltls,tcltls-1.7.22-cert-tests.patch,certs-tests.patch,common,2022-05-28 20:40:35,2019-07-18 12:01:09
tcltls,tcltls-1.7.22-fall-through.patch,fall-through.patch,common,2022-05-28 20:40:35,2019-09-14 07:58:14
tcltls,tcltls-1.7.21-cipher-tests.patch,cipher-tests.patch,common,2020-06-24 21:47:13,2018-04-02 13:38:59
tcltls,tcltls-1.7.22-openssl3.patch,openssl3.patch,common,2022-05-28 20:40:35,2022-03-20 12:12:20
tcltls,tcltls-1.7.21-hostname-tests.patch,hostname-tests.patch,common,2020-06-24 21:47:13,2019-07-18 12:01:09
libmacaroons,libmacaroons-deserialize-memleak.patch,libmacaroons-deserialize-memleak.patch,common,2019-06-19 01:51:17,2020-11-18 10:12:45
libmacaroons,libmacaroons-hex-encoding.patch,libmacaroons-hex-encoding.patch,common,2018-06-17 03:18:21,2020-11-18 10:12:45
vnstat,vnstat.service.patch,debian/systemd_user.diff,common,2015-12-01 07:10:19,2014-09-03 20:54:20
jglobus,jglobus-key-usage.patch,jglobus-key-usage.patch,common,2017-07-03 11:32:28,2017-06-30 07:14:35
jglobus,jglobus-remove-unused-FORCE_SSLV3_AND_CONSTRAIN_CIPHERSUITES.patch,jglobus-remove-unused-FORCE_SSLV3_AND_CONSTRAIN_CIPHERSUITES.patch,common,2019-02-10 07:09:42,2019-02-22 04:59:48
jglobus,jglobus-support-PKCS8-key-format.patch,jglobus-support-PKCS8-key-format.patch,common,2018-10-30 09:03:47,2018-11-04 05:58:55
jglobus,jglobus-DERObjectIdentifier-is-obsolete.patch,jglobus-DERObjectIdentifier-is-obsolete.patch,common,2015-06-18 04:29:41,2015-08-14 05:18:49
jglobus,jglobus-javadoc.patch,jglobus-javadoc.patch,common,2017-07-03 11:32:28,2017-06-30 07:14:35
jglobus,jglobus-dont-force-SSLv3.patch,jglobus-dont-force-SSLv3.patch,common,2015-06-18 04:29:41,2015-08-14 05:18:49
jglobus,jglobus-only-allow-TLSv1-and-TLSv1.2-not-TLSv1.1.patch,jglobus-only-allow-TLSv1-and-TLSv1.2-not-TLSv1.1.patch,common,2019-02-10 07:09:42,2019-02-22 04:59:48
jglobus,jglobus-do-not-force-SSLv3-TLSv1-allow-TLSv1.1-TLSv1.2.patch,jglobus-do-not-force-SSLv3-TLSv1-allow-TLSv1.1-TLSv1.2.patch,common,2018-10-30 09:03:47,2018-11-04 05:58:55
jglobus,jglobus-remove-synchronization-on-CRL-in-CRLChecker.patch,jglobus-remove-synchronization-on-CRL-in-CRLChecker.patch,common,2018-10-30 09:03:47,2018-11-04 05:58:55
jglobus,jglobus-do-not-accumulate-matches-in-GlobusPathMatchingResou.patch,jglobus-do-not-accumulate-matches-in-GlobusPathMatchingResou.patch,common,2018-10-30 09:03:47,2018-11-04 05:58:55
jglobus,jglobus-adapt-to-changes-in-PrivateKeyInfo-class.patch,jglobus-adapt-to-changes-in-PrivateKeyInfo-class.patch,common,2019-02-10 07:09:42,2019-02-22 04:59:48
libcanberra,0001-gtk-Don-t-assume-all-GdkDisplays-are-GdkX11Displays-.patch,gtk_dont_assume_x11.patch,common,2014-05-19 13:56:32,2016-04-05 15:26:14
fpc,fpc-3.2.2--ppc64le-toc-fixes.patch,ppc64el-toc-fixes.patch,common,2022-02-07 20:37:00,2022-08-16 09:16:50
fpc,fpc-3.2.2--pas2jni-cthreads.patch,pas2jni-cthreads.patch,common,2022-03-16 22:23:23,2022-08-16 09:19:08
libtar,libtar-1.2.20-CVE-2021-33643-CVE-2021-33644.patch,openEuler-CVE-2021-33643-CVE-2021-33644.patch,common,2022-08-26 13:55:09,2025-01-20 10:03:32
libtar,libtar-1.2.11-bz729009.patch,no_strip.patch,common,2011-08-09 10:06:46,2025-01-20 09:30:28
libtar,libtar-1.2.20-no-static-buffer.patch,no_static_buffers.patch,similar,2013-10-25 12:03:09,2025-01-20 09:30:28
hedgewars,0a8921bf167481045830095c731eb3c67af913e4.patch,clang-15.patch,common,2022-12-15 16:21:06,2022-09-23 05:48:55
kreport,0019-Fix-build-with-GCC-10-make-KReportGroupTracker-use-C.patch,upstream_Fix-build-with-GCC-10-make-KReportGroupTracker-use-C.patch,common,2021-02-18 13:17:22,2020-11-26 15:56:19
modem-manager-gui,0004-fix-segfault-on-DNS-entries.patch,fix_segfault_on_DNS_entries.patch,common,2022-07-26 07:00:00,2022-05-25 11:47:05
modem-manager-gui,0003-fix-deprecated-meson-functions.patch,meson0.61.patch,common,2022-07-22 10:12:12,2022-03-27 19:44:00
whichwayisup,whichwayisup-0.7.9-initialize_only_required_pygame_modules.patch,initialize-only-required-pygame-modules.patch,common,2017-08-25 08:57:28,2013-05-28 18:36:11
whichwayisup,whichwayisup-0.7.9-check_for_joystick_axes_not_null.patch,check-for-joystick-axes-not-null.patch,common,2017-08-25 08:57:28,2013-05-28 18:36:11
whichwayisup,whichwayisup-0.7.9-python3.patch,python3.patch,similar,2019-08-09 11:52:13,2019-07-24 18:56:46
wide-dhcpv6,wide-dhcpv6-0018-dhcpv6-ignore-advertise-messages-with-none-of-reques.patch,0018-dhcpv6-ignore-advertise-messages-with-none-of-reques.patch,common,2021-04-03 03:52:25,2018-03-24 13:03:07
wide-dhcpv6,wide-dhcpv6-0007-Adding-ifid-option-to-the-dhcp6c.conf-prefix-interfa.patch,0007-Adding-ifid-option-to-the-dhcp6c.conf-prefix-interfa.patch,common,2015-02-07 20:16:57,2010-11-11 15:42:21
wide-dhcpv6,wide-dhcpv6-0014-Support-to-build-on-kFreeBSD-n-GNU-Hurd-platform.patch,0014-Support-to-build-on-kFreeBSD-n-GNU-Hurd-platform.patch,common,2021-04-03 03:52:25,2015-12-04 16:40:42
wide-dhcpv6,wide-dhcpv6-0017-Remove-unused-linking-with-libfl.patch,0017-Remove-unused-linking-with-libfl.patch,common,2021-04-03 03:52:25,2018-03-23 15:57:41
wide-dhcpv6,wide-dhcpv6-0009-Fix-renewal-of-IA-NA.patch,0009-Fix-renewal-of-IA-NA.patch,common,2015-02-07 20:16:57,2014-12-02 10:47:18
wide-dhcpv6,wide-dhcpv6-0022-Make-sla-id-config-optional.patch,0022-Make-sla-id-config-optional.patch,common,2015-02-07 20:16:57,2020-09-06 07:26:55
wide-dhcpv6,wide-dhcpv6-0021-Make-sla-len-config-optional.patch,0021-Make-sla-len-config-optional.patch,common,2021-04-03 03:52:25,2020-09-06 07:26:55
wide-dhcpv6,wide-dhcpv6-0010-Call-client-script-after-interfaces-have-been-update.patch,0010-Call-client-script-after-interfaces-have-been-update.patch,common,2015-02-07 20:16:57,2014-12-02 10:48:58
wide-dhcpv6,wide-dhcpv6-0020-Adding-option-to-randomize-interface-id.patch,0020-Adding-option-to-randomize-interface-id.patch,common,2021-04-03 03:52:25,2018-10-17 14:05:06
wide-dhcpv6,wide-dhcpv6-0011-resolv-warnings-so-as-to-make-blhc-and-gcc-both-happ.patch,0011-resolv-warnings-so-as-to-make-blhc-and-gcc-both-happ.patch,common,2021-04-03 03:52:25,2015-09-10 14:29:22
wide-dhcpv6,wide-dhcpv6-0019-Server-should-not-bind-control-port-if-there-is-no-s.patch,0019-Server-should-not-bind-control-port-if-there-is-no-s.patch,common,2021-04-03 03:52:25,2018-03-24 13:20:26
wide-dhcpv6,wide-dhcpv6-0012-fix-a-redefined-YYDEBUG-warning-of-gcc-for-the-code-.patch,0012-fix-a-redefined-YYDEBUG-warning-of-gcc-for-the-code-.patch,common,2021-04-03 03:52:25,2015-09-10 14:29:22
wide-dhcpv6,wide-dhcpv6-0005-Update-ifid-on-interface-restart.patch,0005-Update-ifid-on-interface-restart.patch,common,2015-02-07 20:16:57,2010-04-06 14:01:58
wide-dhcpv6,wide-dhcpv6-0013-added-several-comments-examples-by-Stefan-Sperling.patch,0013-added-several-comments-examples-by-Stefan-Sperling.patch,common,2021-04-03 03:52:25,2015-11-25 09:27:43
wide-dhcpv6,wide-dhcpv6-0001-Fix-manpages.patch,0001-Fix-manpages.patch,common,2015-02-07 20:16:57,2008-10-12 15:45:17
wide-dhcpv6,wide-dhcpv6-0002-Don-t-strip-binaries.patch,0002-Don-t-strip-binaries.patch,common,2015-02-07 20:16:57,2008-10-12 17:07:38
wide-dhcpv6,wide-dhcpv6-0015-a-bit-info-to-logger-when-get-OPTION_RECONF_ACCEPT.patch,0015-a-bit-info-to-logger-when-get-OPTION_RECONF_ACCEPT.patch,common,2021-04-03 03:52:25,2015-12-24 14:20:28
wide-dhcpv6,wide-dhcpv6-0003-Close-inherited-file-descriptors.patch,0003-Close-inherited-file-descriptors.patch,common,2015-02-07 20:16:57,2010-04-06 14:01:58
wide-dhcpv6,wide-dhcpv6-0004-GNU-libc6-fixes.patch,0004-GNU-libc6-fixes.patch,common,2015-02-07 20:16:57,2009-03-09 09:56:14
wide-dhcpv6,wide-dhcpv6-0006-Add-new-feature-dhcp6c-profiles.patch,0006-Add-new-feature-dhcp6c-profiles.patch,common,2015-02-07 20:16:57,2008-12-17 13:23:25
wide-dhcpv6,wide-dhcpv6-0016-fix-typo-in-dhcp6c.8-manpage.patch,0016-fix-typo-in-dhcp6c.8-manpage.patch,common,2021-04-03 03:52:25,2016-10-26 14:52:58
wide-dhcpv6,wide-dhcpv6-0008-Close-file-descriptors-on-exec.patch,0008-Close-file-descriptors-on-exec.patch,common,2021-04-03 03:52:25,2014-12-02 10:45:48
patch,patch-2.7.6-allow-input-files-to-be-missing-for-ed-style-patches.patch,Allow_input_files_to_be_missing_for_ed-style_patches.patch,common,2019-07-29 13:50:01,2021-01-09 00:00:00
patch,patch-2.7.6-dont-leak-temporary-file-on-failed-multi-file-ed-style-patch.patch,0007-Do_not_leak_temporary_file_on_failed_multi-file.patch,common,2019-07-29 13:50:01,2021-01-09 00:00:00
patch,patch-CVE-2018-1000156.patch,Fix_arbitrary_command_execution_in_ed-style_patches.patch,common,2018-05-03 11:53:39,2018-04-14 00:00:00
patch,patch-2.7.6-fix-ed-style-test-failure.patch,0001-Fix-ed-style-test-failure.patch,common,2019-07-29 13:50:01,2021-01-09 00:00:00
patch,patch-2.7.6-CVE-2019-13636-symlinks.patch,0004-CVE-2019-13636.patch,common,2019-07-24 13:05:07,2021-01-09 00:00:00
patch,patch-2.7.6-dont-leak-temporary-file-on-failed-ed-style-patch.patch,0006-Do_not_leak_temporary_file.patch,common,2019-07-29 13:50:01,2021-01-09 00:00:00
patch,patch-2.7.6-crash-RLIMIT_NOFILE.patch,0003-Do_not_crash_when_RLIMIT_NOFILE_is_set_to_RLIM_INFINITY.patch,common,2019-07-24 13:05:07,2021-01-09 00:00:00
patch,patch-2.7.6-avoid-invalid-memory-access-in-context-format-diffs.patch,0008-Avoid_invalid_memory_access_in_context_format_diffs.patch,common,2019-07-24 13:05:07,2021-01-09 08:58:08
patch,patch-2.7.6-abort_when_cleaning_up_fails.patch,0002-Abort_when_cleaning_up_fails.patch,common,2019-07-24 13:05:07,2019-06-28 00:00:00
patch,patch-2.7.6-CVE-2019-13638-invoked-ed-directly-instead-of-using-the-shell.patch,0005-CVE-2019-13638.patch,common,2019-07-29 13:50:01,2021-01-09 00:00:00
patch,patch-2.7.6-fix-segfault-with-mangled-rename-patch.patch,Fix_segfault_with_mangled_rename_patch.patch,common,2019-07-29 13:50:01,2021-01-09 00:00:00
patch,patch-2.7.6-failed_assertion.patch,0009-Fix_failed_assertion_outstate-after_newline.patch,common,2019-07-24 13:05:07,2021-01-09 00:00:00
eegdev,fix-racecond-in-biosemi-tests.patch,fix-racecond-in-biosemi-tests.patch,common,2015-11-30 21:52:53,2012-05-21 20:18:46
eegdev,fix-biosemi-on-bigendian.patch,fix-biosemi-on-bigendian.patch,common,2015-11-30 21:52:53,2012-05-21 20:18:46
eegdev,fix-bison-grammar-file.patch,fix-bison-grammar-file.patch,common,2015-11-30 21:52:53,2018-10-16 09:42:51
eegdev,include-config_h.patch,include-config_h.patch,common,2015-11-30 21:52:53,2018-10-16 09:42:51
eegdev,fix-unaligned-memory-access.patch,fix-unaligned-memory-access.patch,common,2015-11-30 21:52:53,2018-10-16 09:42:51
eegdev,fix-biosemi-close-hangups.patch,fix-biosemi-close-hangups.patch,common,2015-11-30 21:52:53,2012-05-23 10:30:01
wvdial,wvdial-1.61-ftbfs_with_gcc_4.5.patch,020_ftbfs_with_gcc_4.5.patch,common,2019-01-04 14:15:30,2022-02-05 16:50:20
wvdial,wvdial-1.61-typo_pon.wvdial.1.patch,010_typo_pon.wvdial.1.patch,common,2019-01-04 14:15:30,2022-02-05 16:50:20
aesfix,aesfix-10_add-GCC-hardening.patch,10_add-hardening.patch,common,2023-07-25 16:44:39,2017-01-02 01:04:11
mypaint,0002-python311.patch,python3.11.patch,common,2023-01-24 18:56:41,2023-01-03 21:11:31
fillets-ng,fillets-ng-0.8.1-gcc43.patch,gcc-4.3-fix,similar,2009-02-13 20:52:28,2013-12-02 13:53:47
wslay,10_update_cmake.patch,10_update_cmake.patch,similar,2023-03-10 00:10:00,2017-06-22 17:57:06
bwa,bwa-fix-build-gcc10.patch,gcc10.patch,common,2020-03-22 20:37:03,2022-07-03 19:49:44
virt-viewer,0001-data-remove-bogus-param-for-meson-i18n.merge_file.patch,data-remove-bogus-param-for-meson-i18n.merge_file.patch,common,2022-08-02 12:55:34,2022-07-13 13:48:00
libmpd,libmpd-11.8.17-strndup.patch,ftbfs-790251.patch,common,2015-06-17 19:44:07,2023-01-31 19:48:36
libetpan,libetpan-1.9.4-0002-Detect-extra-data-after-STARTTLS-responses-in-SMTP-a.patch,13_fix_CVE-2020-15953.diff,similar,2020-08-10 07:23:42,2021-01-10 15:44:24
rust-font-kit,font-kit-fix-metadata-auto.diff,only-linux-deps.patch,common,2020-10-13 15:15:04,2024-11-08 18:20:17
aubio,aubio-python39.patch,waflib-py311.patch,common,2020-02-19 23:27:53,2023-01-15 20:37:11
pingus,pingus-0.7.6-missing-header.patch,gcc7.patch,common,2017-01-27 11:56:48,2018-05-15 21:32:01
pingus,pingus-0.7.6-gcc470-udl.patch,20_gcc_4.7,common,2012-01-03 19:17:46,2018-05-15 21:32:01
pingus,pingus-0.7.6-python3.patch,scons-use-python3-print.patch,common,2019-08-01 19:04:39,2020-01-02 10:51:12
xawtv,xawtv-strsignal.patch,0001-Replace-sys_siglist-with-strsignal.patch,common,2020-07-24 03:52:05,2024-01-08 11:51:34
libx86,libx86-fix_processor_flags.patch,01-fix_processor_flags.patch,common,2021-12-13 15:55:55,2009-03-08 18:34:09
samdump2,samdump2-openssl.patch,50_openssl.patch,common,2021-02-18 23:54:22,2016-11-22 16:03:30
megaglest,789e1cdf371137b729e832e28a5feb6e97a3a243.patch,789e1cdf371137b729e832e28a5feb6e97a3a243.patch,common,2022-11-16 03:53:05,2022-10-27 21:35:01
megaglest,5801b1fafff8ad9618248d4d5d5c751fdf52be2f.patch,5801b1fafff8ad9618248d4d5d5c751fdf52be2f.patch,common,2022-11-16 03:53:05,2022-10-27 21:35:01
megaglest,fbd0cfb17ed759d24aeb577a602b0d97f7895cc2.patch,fbd0cfb17ed759d24aeb577a602b0d97f7895cc2.patch,common,2022-11-16 03:53:05,2022-10-27 21:35:01
megaglest,e09ba53c436279588f769d6ce8852e74d58f8391.patch,e09ba53c436279588f769d6ce8852e74d58f8391.patch,common,2022-11-16 03:53:05,2022-10-27 21:35:01
rust-backoff,backoff-fix-metadata.diff,remove-wasm-bindgen.patch,common,2024-03-05 21:33:22,2025-01-13 12:01:12
plplot,plplot-pyqt5-sip-path.patch,pyqt5-sip-path.patch,common,2021-07-15 20:14:00,2020-10-06 04:46:01
plplot,plplot-sip-build-support.patch,sip-build-support.patch,common,2021-07-15 20:14:00,2021-06-19 06:10:28
plplot,plplot-qt-5.15.patch,build-against-qt-5.15.patch,common,2020-09-18 03:25:57,2020-11-05 15:53:43
plplot,plplot-5.12.0-safe-string.patch,Fix-build-with-OCaml-4.06.patch,common,2017-11-18 12:12:40,2017-11-21 14:11:10
acpitool,var-line.patch,0001-Do-not-assume-fixed-line-lengths-for-proc-acpi-wakeu.patch,common,2018-10-26 21:11:23,2014-11-16 14:39:24
acpitool,ac_adapter.patch,ac_adapter.patch,common,2018-10-26 21:11:23,2010-03-28 12:57:16
acpitool,wakeup.patch,wakeup.patch,common,2018-10-26 21:11:23,2012-01-13 12:12:11
acpitool,kernel3.patch,kernel3.patch,common,2018-10-26 21:11:23,2012-01-13 12:30:04
acpitool,battery.patch,battery.patch,common,2018-10-26 21:11:23,2010-03-28 12:57:16
acpitool,typos.patch,typos.patch,similar,2018-10-26 21:11:23,2014-11-16 14:48:07
gnome-tetravex,20.patch,meson-drop-unused-argument-for-i18n.merge_file.patch,common,2022-10-07 19:52:59,2022-03-21 18:26:18
avahi,0016-Fix-NULL-pointer-crashes-from-175.patch,Fix-NULL-pointer-crashes-from-175.patch,common,2021-08-03 15:24:11,2022-06-05 16:26:39
avahi,0008-Ship-avahi-discover-1-bssh-1-and-bvnc-1-also-for-GTK.patch,Ship-avahi-discover-1-bssh-1-and-bvnc-1-also-for-GTK3.patch,common,2020-03-23 00:48:28,2017-09-06 13:45:40
avahi,0017-Emit-error-if-requested-service-is-not-found.patch,Emit-error-if-requested-service-is-not-found.patch,common,2022-11-17 01:07:14,2023-04-19 11:42:29
avahi,0006-avahi-dnsconfd.service-Drop-Also-avahi-daemon.socket.patch,avahi-dnsconfd.service-Drop-Also-avahi-daemon.socket.patch,common,2020-03-23 00:48:28,2018-02-02 17:13:42
avahi,0007-man-add-missing-bshell.1-symlink.patch,man-add-missing-bshell.1-symlink.patch,common,2020-03-23 00:48:28,2017-09-17 17:37:21
avahi,0010-fix-bytestring-decoding-for-proper-display.patch,fix-bytestring-decoding-for-proper-display.patch,common,2020-03-23 00:48:28,2020-04-24 10:43:27
avahi,0011-avahi_dns_packet_consume_uint32-fix-potential-undefi.patch,avahi_dns_packet_consume_uint32-fix-potential-undefined-b.patch,common,2020-03-23 00:48:28,2020-04-24 10:41:17
pcapy,py_ssize_t.patch,py_ssize_t.patch,common,2022-07-27 16:38:04,2022-03-25 01:23:18
dx,0002-dx-open.patch,10-open-mode.patch,similar,2007-08-17 23:59:32,2013-06-13 14:52:06
dx,0003-dx-gcc43.patch,10-gcc43-build-fix.patch,similar,2008-01-07 18:14:39,2013-07-04 11:20:38
dx,0007-dx-format-security.patch,50-format-security-fix.patch,similar,2014-02-27 15:23:10,2013-08-01 14:40:14
dx,0008-dx-narrowing.patch,50-narrowing-conversion-fix.patch,similar,2016-02-18 03:56:55,2016-02-20 21:17:12
golang-github-xeipuuv-gojsonschema,0001-Reject-comma-in-time-format.patch,0001-Reject-comma-in-time-format.patch,common,2022-02-23 21:37:06,2021-11-10 17:19:47
redsocks,libevent-2.1-compat.patch,libevent-2.1-compat.patch,common,2024-02-26 09:33:06,2018-03-29 19:59:44
wv,format-security.patch,hardening-format.patch,common,2013-12-12 22:16:41,2014-10-02 08:48:47
yajl,0006-Fix-CVE-2022-24795.patch,CVE-2022-24795.patch,common,2023-07-10 13:17:15,2023-07-10 16:27:44
yajl,0004-drop-bogus-_s-suffix-from-yajl-dynamic-library.patch,dynamically-link-tools.patch,common,2023-07-10 13:08:37,2009-09-08 16:05:46
yajl,0005-Fix-for-CVE-2017-16516.patch,CVE-2017-16516.patch,common,2023-07-10 13:16:22,2023-07-10 16:27:44
yajl,0007-yajl-fix-memory-leak-problem.patch,CVE-2023-33460.patch,similar,2023-07-10 13:18:30,2023-07-02 11:47:38
hfsutils,hfsutils-3.2.6-largefile.patch,0003-Add-support-for-files-larger-than-2GB.patch,common,2005-02-20 13:28:20,2021-01-23 14:35:04
mrrescue,mrrescue-1.02e-love11.patch,love11.patch,common,2018-06-11 18:15:05,2018-08-04 15:16:44
kobodeluxe,KoboDeluxe-0.5.1-gcc44.patch,05_const_charp_conversion.patch,common,2009-03-09 10:18:08,2009-10-31 13:30:07
kobodeluxe,KoboDeluxe-0.5.1-midi-crash-fix.patch,midicon-segmentation-fault.patch,similar,2015-06-05 10:55:12,2016-04-05 22:30:08
websocketpp,websocketpp-0.8.2-fix-cmake-find-boost.patch,855.patch,common,2022-07-26 16:09:13,2020-01-08 17:15:37
luksmeta,luksmeta-9-relax-layout-assumptions.patch,1544448333.v9-1-g9c550e0.relax-content-tests-in-test-suite.patch,common,2019-06-03 06:57:06,2018-12-09 22:27:07
luksmeta,luksmeta-9-tests.patch,1569669851.v9-3-gaf81262.force-creation-of-luks1-containers-in-test-suite.patch,common,2018-08-09 19:14:19,2022-12-25 19:54:04
prewikka,prewikka-5.2.0-fix_python_3.10.patch,005-Python_3_10_Support.patch,common,2021-08-14 00:07:06,2021-08-29 07:13:27
neuron,0012-fix-c23-ftbfs.patch,02_require-c++17.patch,similar,2025-02-12 15:41:20,2023-02-02 23:54:09
libcryptui,libcryptui-3.12.2-use-gcr.patch,daemon-port-to-gcr-3.patch,common,2019-06-14 19:54:06,2017-07-09 22:20:29
w3c-markup-validator,w3c-markup-validator-1.0-valid-icons.patch,dfsg.patch,similar,2010-03-09 19:47:10,2011-08-29 20:45:41
bwbar,bwbar.zlib.h.patch,040_libpng.diff,common,2011-12-06 09:02:13,2017-07-26 18:40:21
bwbar,bwbar.debian-020_proc_net_2.6.x_fix.patch,020_proc_net_2.6.x_fix.diff,common,2004-11-08 04:07:10,2017-07-26 18:40:21
vte,vte-0.28.2-limit-arguments.patch,03_CVE-2012-2738.patch,common,2012-06-15 21:03:07,2012-06-23 14:02:56
vte,vte-alt-meta-confusion.patch,02_meta.patch,common,2011-12-12 17:32:06,2011-11-19 13:02:20
ditaa,ditaa-0.9-port-to-batik-1.8.patch,00-fix_imports.patch,similar,2015-08-31 10:50:31,2010-04-15 19:19:30
libu2f-host,libu2f-host-1.1.10_add_support_for_upcoming_json_c_0_14_0.patch,840f01135d2892f45e71b9e90405de587991bd03.patch,common,2020-04-13 17:43:26,2021-01-14 11:32:09
intltool,intltool-perl5.26-regex-fixes.patch,perl5.26-regex-fixes.patch,common,2015-07-13 15:05:03,2016-01-18 11:56:40
intltool,intltool_distcheck-fix.patch,no-guess-builddir.patch,common,2016-07-29 12:22:30,2020-12-02 15:20:13
openbabel,openbabel-3.1.1-fix_bug2217.patch,7de27f309db5f7ec026ef5c5235e5b33bf7d1a85.patch,common,2021-11-06 11:05:18,2021-01-06 07:58:42
libofa,libofa-0.9.3-gcc47.patch,08_fix-ftbfs-gcc4.7.diff,common,2012-01-14 21:21:54,2015-08-25 18:06:31
libofa,libofa-0.9.3-curl.patch,07_fix_ftbfs.diff,common,2011-12-01 21:31:31,2015-08-25 18:06:31
libofa,libofa-0.9.3-gcc41.patch,01_gcc41.diff,common,2006-09-12 17:00:16,2015-08-25 18:05:11
glabels,glabels-externs.patch,gcc10_build_fix.patch,common,2020-02-03 07:55:38,2020-11-23 20:25:02
almanah,0001-build-remove-positional-i18n.merge_file-arguments.patch,fix-meson-061.patch,common,2022-07-19 19:54:21,2022-03-02 11:33:17
cdrkit,cdrkit-1.1.11-gcc10.patch,gcc10.patch,common,2020-02-24 14:14:25,2024-11-15 10:14:43
cdrkit,cdrkit-1.1.9-efi-boot.patch,add-efi-boot.patch,similar,2009-02-25 20:08:54,2024-11-15 10:14:43
tinyxml,tinyxml-issue51.patch,entity-encoding.patch,common,2024-01-03 13:46:35,2011-05-18 19:03:47
behave,0001-Backport-for-py38-fixes.patch,0003-Backport-for-py38-fixes.patch,common,2019-09-20 06:56:42,2020-01-24 16:47:07
nose,python-nose-coverage4.patch,coverage4.1.diff,common,2016-11-09 23:22:40,2017-10-30 20:25:53
nose,python-nose-py35.patch,python3.5-qualname.diff,common,2016-11-15 21:31:09,2017-10-30 20:25:53
dumb,dumb-0.9.3-CVE-2006-3668.patch,100_CVE-2006-3668.diff,common,2006-07-27 07:58:39,2013-06-01 10:31:38
flake8-polyfill,python-flake8-polyfill-1.0.2-pytest-4-compatibility.patch,pytest-4.0-comptability.patch,common,2019-06-03 16:42:32,2020-03-02 06:06:08
eperl,perl-eperl-5.16compat.patch,redhat-with-thr.diff,common,2012-08-06 08:48:22,2013-05-10 15:13:14
pysimplesoap,httplib2.patch,fix-httplib2-version-check.patch,common,2020-01-21 11:05:03,2018-12-15 17:23:50
html5lib,https://github.com/html5lib/html5lib-python/pull/506.patch,0001-Use-Node.from_parent-constructor-to-support-pytest-6.patch,common,2020-08-10 08:53:24,2021-01-13 08:34:07
piexif,python-piexif-fix-tests-pillow.patch,5209b53e9689ce28dcd045f384633378d619718f.patch,common,2021-01-20 10:29:05,2021-09-19 12:22:25
m4ri,m4ri-no-sse3.patch,disable_sse3.patch,common,2011-04-23 16:33:34,2013-03-28 07:12:13
openobex,openobex-1.7-strtoul.patch,fix_segfault,common,2016-03-18 11:34:31,2016-05-23 21:15:58
